kod,namn,lan_kod,lan_namn,valid_from,valid_to
0114,Upplands Väsby,01,Stockholms län,2010,9999
0115,Vallentuna,01,Stockholms län,2010,9999
0117,Österåker,01,Stockholms län,2010,9999
0120,Värmdö,01,Stockholms län,2010,9999
0123,Järfälla,01,Stockholms län,2010,9999
0125,Ekerö,01,Stockholms län,2010,9999
0126,Huddinge,01,Stockholms län,2010,9999
0127,Botkyrka,01,Stockholms län,2010,9999
0128,Salem,01,Stockholms län,2010,9999
0136,Haninge,01,Stockholms län,2010,9999
0138,Tyresö,01,Stockholms län,2010,9999
0139,Upplands-Bro,01,Stockholms län,2010,9999
0140,Nykvarn,01,Stockholms län,2010,9999
0160,Täby,01,Stockholms län,2010,9999
0162,Danderyd,01,Stockholms län,2010,9999
0163,Sollentuna,01,Stockholms län,2010,9999
0180,Stockholm,01,Stockholms län,2010,9999
0181,Södertälje,01,Stockholms län,2010,9999
0182,Nacka,01,Stockholms län,2010,9999
0183,Sundbyberg,01,Stockholms län,2010,9999
0184,Solna,01,Stockholms län,2010,9999
0186,Lidingö,01,Stockholms län,2010,9999
0187,Vaxholm,01,Stockholms län,2010,9999
0188,Norrtälje,01,Stockholms län,2010,9999
0191,Sigtuna,01,Stockholms län,2010,9999
0192,Nynäshamn,01,Stockholms län,2010,9999
0305,Håbo,03,Uppsala län,2010,9999
0319,Älvkarleby,03,Uppsala län,2010,9999
0330,Knivsta,03,Uppsala län,2010,9999
0331,Heby,03,Uppsala län,2010,9999
0360,Tierp,03,Uppsala län,2010,9999
0380,Uppsala,03,Uppsala län,2010,9999
0381,Enköping,03,Uppsala län,2010,9999
0382,Östhammar,03,Uppsala län,2010,9999
0428,Vingåker,04,Södermanlands län,2010,9999
0461,Gnesta,04,Södermanlands län,2010,9999
0480,Nyköping,04,Södermanlands län,2010,9999
0481,Oxelösund,04,Södermanlands län,2010,9999
0482,Flen,04,Södermanlands län,2010,9999
0483,Katrineholm,04,Södermanlands län,2010,9999
0484,Eskilstuna,04,Södermanlands län,2010,9999
0486,Strängnäs,04,Södermanlands län,2010,9999
0488,Trosa,04,Södermanlands län,2010,9999
0509,Ödeshög,05,Östergötlands län,2010,9999
0512,Ydre,05,Östergötlands län,2010,9999
0513,Kinda,05,Östergötlands län,2010,9999
0560,Boxholm,05,Östergötlands län,2010,9999
0561,Åtvidaberg,05,Östergötlands län,2010,9999
0562,Finspång,05,Östergötlands län,2010,9999
0563,Valdemarsvik,05,Östergötlands län,2010,9999
0580,Linköping,05,Östergötlands län,2010,9999
0581,Norrköping,05,Östergötlands län,2010,9999
0582,Söderköping,05,Östergötlands län,2010,9999
0583,Motala,05,Östergötlands län,2010,9999
0584,Vadstena,05,Östergötlands län,2010,9999
0586,Mjölby,05,Östergötlands län,2010,9999
0604,Aneby,06,Jönköpings län,2010,9999
0617,Gnosjö,06,Jönköpings län,2010,9999
0642,Mullsjö,06,Jönköpings län,2010,9999
0643,Habo,06,Jönköpings län,2010,9999
0662,Gislaved,06,Jönköpings län,2010,9999
0665,Vaggeryd,06,Jönköpings län,2010,9999
0680,Jönköping,06,Jönköpings län,2010,9999
0682,Nässjö,06,Jönköpings län,2010,9999
0683,Värnamo,06,Jönköpings län,2010,9999
0684,Sävsjö,06,Jönköpings län,2010,9999
0685,Vetlanda,06,Jönköpings län,2010,9999
0686,Eksjö,06,Jönköpings län,2010,9999
0687,Tranås,06,Jönköpings län,2010,9999
0760,Uppvidinge,07,Kronobergs län,2010,9999
0761,Lessebo,07,Kronobergs län,2010,9999
0763,Tingsryd,07,Kronobergs län,2010,9999
0764,Alvesta,07,Kronobergs län,2010,9999
0765,Älmhult,07,Kronobergs län,2010,9999
0767,Markaryd,07,Kronobergs län,2010,9999
0780,Växjö,07,Kronobergs län,2010,9999
0781,Ljungby,07,Kronobergs län,2010,9999
0821,Högsby,08,Kalmar län,2010,9999
0834,Torsås,08,Kalmar län,2010,9999
0840,Mörbylånga,08,Kalmar län,2010,9999
0860,Hultsfred,08,Kalmar län,2010,9999
0861,Mönsterås,08,Kalmar län,2010,9999
0862,Emmaboda,08,Kalmar län,2010,9999
0880,Kalmar,08,Kalmar län,2010,9999
0881,Nybro,08,Kalmar län,2010,9999
0882,Oskarshamn,08,Kalmar län,2010,9999
0883,Västervik,08,Kalmar län,2010,9999
0884,Vimmerby,08,Kalmar län,2010,9999
0885,Borgholm,08,Kalmar län,2010,9999
0980,Gotland,09,Gotlands län,2010,9999
1060,Olofström,10,Blekinge län,2010,9999
1080,Karlskrona,10,Blekinge län,2010,9999
1081,Ronneby,10,Blekinge län,2010,9999
1082,Karlshamn,10,Blekinge län,2010,9999
1083,Sölvesborg,10,Blekinge län,2010,9999
1214,Svalöv,12,Skåne län,2010,9999
1230,Staffanstorp,12,Skåne län,2010,9999
1231,Burlöv,12,Skåne län,2010,9999
1233,Vellinge,12,Skåne län,2010,9999
1256,Östra Göinge,12,Skåne län,2010,9999
1257,Örkelljunga,12,Skåne län,2010,9999
1260,Bjuv,12,Skåne län,2010,9999
1261,Kävlinge,12,Skåne län,2010,9999
1262,Lomma,12,Skåne län,2010,9999
1263,Svedala,12,Skåne län,2010,9999
1264,Skurup,12,Skåne län,2010,9999
1265,Sjöbo,12,Skåne län,2010,9999
1266,Hörby,12,Skåne län,2010,9999
1267,Höör,12,Skåne län,2010,9999
1270,Tomelilla,12,Skåne län,2010,9999
1272,Bromölla,12,Skåne län,2010,9999
1273,Osby,12,Skåne län,2010,9999
1275,Perstorp,12,Skåne län,2010,9999
1276,Klippan,12,Skåne län,2010,9999
1277,Åstorp,12,Skåne län,2010,9999
1278,Båstad,12,Skåne län,2010,9999
1280,Malmö,12,Skåne län,2010,9999
1281,Lund,12,Skåne län,2010,9999
1282,Landskrona,12,Skåne län,2010,9999
1283,Helsingborg,12,Skåne län,2010,9999
1284,Höganäs,12,Skåne län,2010,9999
1285,Eslöv,12,Skåne län,2010,9999
1286,Ystad,12,Skåne län,2010,9999
1287,Trelleborg,12,Skåne län,2010,9999
1290,Kristianstad,12,Skåne län,2010,9999
1291,Simrishamn,12,Skåne län,2010,9999
1292,Ängelholm,12,Skåne län,2010,9999
1293,Hässleholm,12,Skåne län,2010,9999
1315,Hylte,13,Hallands län,2010,9999
1380,Halmstad,13,Hallands län,2010,9999
1381,Laholm,13,Hallands län,2010,9999
1382,Falkenberg,13,Hallands län,2010,9999
1383,Varberg,13,Hallands län,2010,9999
1384,Kungsbacka,13,Hallands län,2010,9999
1401,Härryda,14,Västra Götalands län,2010,9999
1402,Partille,14,Västra Götalands län,2010,9999
1407,Öckerö,14,Västra Götalands län,2010,9999
1415,Stenungsund,14,Västra Götalands län,2010,9999
1419,Tjörn,14,Västra Götalands län,2010,9999
1421,Orust,14,Västra Götalands län,2010,9999
1427,Sotenäs,14,Västra Götalands län,2010,9999
1430,Munkedal,14,Västra Götalands län,2010,9999
1435,Tanum,14,Västra Götalands län,2010,9999
1438,Dals-Ed,14,Västra Götalands län,2010,9999
1439,Färgelanda,14,Västra Götalands län,2010,9999
1440,Ale,14,Västra Götalands län,2010,9999
1441,Lerum,14,Västra Götalands län,2010,9999
1442,Vårgårda,14,Västra Götalands län,2010,9999
1443,Bollebygd,14,Västra Götalands län,2010,9999
1444,Grästorp,14,Västra Götalands län,2010,9999
1445,Essunga,14,Västra Götalands län,2010,9999
1446,Karlsborg,14,Västra Götalands län,2010,9999
1447,Gullspång,14,Västra Götalands län,2010,9999
1452,Tranemo,14,Västra Götalands län,2010,9999
1460,Bengtsfors,14,Västra Götalands län,2010,9999
1461,Mellerud,14,Västra Götalands län,2010,9999
1462,Lilla Edet,14,Västra Götalands län,2010,9999
1463,Mark,14,Västra Götalands län,2010,9999
1465,Svenljunga,14,Västra Götalands län,2010,9999
1466,Herrljunga,14,Västra Götalands län,2010,9999
1470,Vara,14,Västra Götalands län,2010,9999
1471,Götene,14,Västra Götalands län,2010,9999
1472,Tibro,14,Västra Götalands län,2010,9999
1473,Töreboda,14,Västra Götalands län,2010,9999
1480,Göteborg,14,Västra Götalands län,2010,9999
1481,Mölndal,14,Västra Götalands län,2010,9999
1482,Kungälv,14,Västra Götalands län,2010,9999
1484,Lysekil,14,Västra Götalands län,2010,9999
1485,Uddevalla,14,Västra Götalands län,2010,9999
1486,Strömstad,14,Västra Götalands län,2010,9999
1487,Vänersborg,14,Västra Götalands län,2010,9999
1488,Trollhättan,14,Västra Götalands län,2010,9999
1489,Alingsås,14,Västra Götalands län,2010,9999
1490,Borås,14,Västra Götalands län,2010,9999
1491,Ulricehamn,14,Västra Götalands län,2010,9999
1492,Åmål,14,Västra Götalands län,2010,9999
1493,Mariestad,14,Västra Götalands län,2010,9999
1494,Lidköping,14,Västra Götalands län,2010,9999
1495,Skara,14,Västra Götalands län,2010,9999
1496,Skövde,14,Västra Götalands län,2010,9999
1497,Hjo,14,Västra Götalands län,2010,9999
1498,Tidaholm,14,Västra Götalands län,2010,9999
1499,Falköping,14,Västra Götalands län,2010,9999
1715,Kil,17,Värmlands län,2010,9999
1730,Eda,17,Värmlands län,2010,9999
1737,Torsby,17,Värmlands län,2010,9999
1760,Storfors,17,Värmlands län,2010,9999
1761,Hammarö,17,Värmlands län,2010,9999
1762,Munkfors,17,Värmlands län,2010,9999
1763,Forshaga,17,Värmlands län,2010,9999
1764,Grums,17,Värmlands län,2010,9999
1765,Årjäng,17,Värmlands län,2010,9999
1766,Sunne,17,Värmlands län,2010,9999
1780,Karlstad,17,Värmlands län,2010,9999
1781,Kristinehamn,17,Värmlands län,2010,9999
1782,Filipstad,17,Värmlands län,2010,9999
1783,Hagfors,17,Värmlands län,2010,9999
1784,Arvika,17,Värmlands län,2010,9999
1785,Säffle,17,Värmlands län,2010,9999
1814,Lekeberg,18,Örebro län,2010,9999
1860,Laxå,18,Örebro län,2010,9999
1861,Hallsberg,18,Örebro län,2010,9999
1862,Degerfors,18,Örebro län,2010,9999
1863,Hällefors,18,Örebro län,2010,9999
1864,Ljusnarsberg,18,Örebro län,2010,9999
1880,Örebro,18,Örebro län,2010,9999
1881,Kumla,18,Örebro län,2010,9999
1882,Askersund,18,Örebro län,2010,9999
1883,Karlskoga,18,Örebro län,2010,9999
1884,Nora,18,Örebro län,2010,9999
1885,Lindesberg,18,Örebro län,2010,9999
1904,Skinnskatteberg,19,Västmanlands län,2010,9999
1907,Surahammar,19,Västmanlands län,2010,9999
1960,Kungsör,19,Västmanlands län,2010,9999
1961,Hallstahammar,19,Västmanlands län,2010,9999
1962,Norberg,19,Västmanlands län,2010,9999
1980,Västerås,19,Västmanlands län,2010,9999
1981,Sala,19,Västmanlands län,2010,9999
1982,Fagersta,19,Västmanlands län,2010,9999
1983,Köping,19,Västmanlands län,2010,9999
1984,Arboga,19,Västmanlands län,2010,9999
2021,Vansbro,20,Dalarnas län,2010,9999
2023,Malung-Sälen,20,Dalarnas län,2010,9999
2026,Gagnef,20,Dalarnas län,2010,9999
2029,Leksand,20,Dalarnas län,2010,9999
2031,Rättvik,20,Dalarnas län,2010,9999
2034,Orsa,20,Dalarnas län,2010,9999
2039,Älvdalen,20,Dalarnas län,2010,9999
2061,Smedjebacken,20,Dalarnas län,2010,9999
2062,Mora,20,Dalarnas län,2010,9999
2080,Falun,20,Dalarnas län,2010,9999
2081,Borlänge,20,Dalarnas län,2010,9999
2082,Säter,20,Dalarnas län,2010,9999
2083,Hedemora,20,Dalarnas län,2010,9999
2084,Avesta,20,Dalarnas län,2010,9999
2085,Ludvika,20,Dalarnas län,2010,9999
2101,Ockelbo,21,Gävleborgs län,2010,9999
2104,Hofors,21,Gävleborgs län,2010,9999
2121,Ovanåker,21,Gävleborgs län,2010,9999
2132,Nordanstig,21,Gävleborgs län,2010,9999
2161,Ljusdal,21,Gävleborgs län,2010,9999
2180,Gävle,21,Gävleborgs län,2010,9999
2181,Sandviken,21,Gävleborgs län,2010,9999
2182,Söderhamn,21,Gävleborgs län,2010,9999
2183,Bollnäs,21,Gävleborgs län,2010,9999
2184,Hudiksvall,21,Gävleborgs län,2010,9999
2260,Ånge,22,Västernorrlands län,2010,9999
2262,Timrå,22,Västernorrlands län,2010,9999
2280,Härnösand,22,Västernorrlands län,2010,9999
2281,Sundsvall,22,Västernorrlands län,2010,9999
2282,Kramfors,22,Västernorrlands län,2010,9999
2283,Sollefteå,22,Västernorrlands län,2010,9999
2284,Örnsköldsvik,22,Västernorrlands län,2010,9999
2303,Ragunda,23,Jämtlands län,2010,9999
2305,Bräcke,23,Jämtlands län,2010,9999
2309,Krokom,23,Jämtlands län,2010,9999
2313,Strömsund,23,Jämtlands län,2010,9999
2321,Åre,23,Jämtlands län,2010,9999
2326,Berg,23,Jämtlands län,2010,9999
2361,Härjedalen,23,Jämtlands län,2010,9999
2380,Östersund,23,Jämtlands län,2010,9999
2401,Nordmaling,24,Västerbottens län,2010,9999
2403,Bjurholm,24,Västerbottens län,2010,9999
2404,Vindeln,24,Västerbottens län,2010,9999
2409,Robertsfors,24,Västerbottens län,2010,9999
2417,Norsjö,24,Västerbottens län,2010,9999
2418,Malå,24,Västerbottens län,2010,9999
2421,Storuman,24,Västerbottens län,2010,9999
2422,Sorsele,24,Västerbottens län,2010,9999
2425,Dorotea,24,Västerbottens län,2010,9999
2460,Vännäs,24,Västerbottens län,2010,9999
2462,Vilhelmina,24,Västerbottens län,2010,9999
2463,Åsele,24,Västerbottens län,2010,9999
2480,Umeå,24,Västerbottens län,2010,9999
2481,Lycksele,24,Västerbottens län,2010,9999
2482,Skellefteå,24,Västerbottens län,2010,9999
2505,Arvidsjaur,25,Norrbottens län,2010,9999
2506,Arjeplog,25,Norrbottens län,2010,9999
2510,Jokkmokk,25,Norrbottens län,2010,9999
2513,Överkalix,25,Norrbottens län,2010,9999
2514,Kalix,25,Norrbottens län,2010,9999
2518,Övertorneå,25,Norrbottens län,2010,9999
2521,Pajala,25,Norrbottens län,2010,9999
2523,Gällivare,25,Norrbottens län,2010,9999
2560,Älvsbyn,25,Norrbottens län,2010,9999
2580,Luleå,25,Norrbottens län,2010,9999
2581,Piteå,25,Norrbottens län,2010,9999
2582,Boden,25,Norrbottens län,2010,9999
2583,Haparanda,25,Norrbottens län,2010,9999
2584,Kiruna,25,Norrbottens län,2010,9999
